Table_name,Table_description,Table_columns(Data type),Primary_key,Table_category,Description_verified
alarm_master,"Master/configuration table (relatively static reference data). Key fields: ALARM_ID, ALARM_CODE, ALARM_SOURCE, ALARM_DESCRIPTION, ALARM_TYPE, BYPASS.","ALARM_ID(int), ALARM_CODE(varchar(5)), ALARM_SOURCE(varchar(15)), ALARM_DESCRIPTION(varchar(255)), ALARM_TYPE(enum('MAINTENANCE','NORMAL','MANUAL','PSEUDO')), BYPASS(tinyint(1)), RECOVERY(tinyint(1)), AUTO_RECOVERY(tinyint(1)), NON_RECOVERY(tinyint(1)), ALARM_RESOLUTION_STEPS(longtext), IS_ACTIVE(tinyint(1)), INSERTED_ON(datetime(3)), INSERTED_BY(varchar(100)), UPDATED_ON(datetime(3)), UPDATED_BY(varchar(100))",ALARM_ID,config_master,YES
alarm_master_copy,"Schema-based summary for 'alarm master copy'. Key fields: ALARM_ID, ALARM_CODE, ALARM_SOURCE, ALARM_DESCRIPTION, ALARM_TYPE, BYPASS.","ALARM_ID(int), ALARM_CODE(varchar(5)), ALARM_SOURCE(varchar(15)), ALARM_DESCRIPTION(varchar(255)), ALARM_TYPE(enum('MAINTENANCE','NORMAL')), BYPASS(tinyint(1)), RECOVERY(tinyint(1)), AUTO_RECOVERY(tinyint(1)), NON_RECOVERY(tinyint(1)), ALARM_RESOLUTION_STEPS(longtext), IS_ACTIVE(tinyint(1)), INSERTED_ON(datetime(3)), INSERTED_BY(varchar(100)), UPDATED_ON(datetime(3)), UPDATED_BY(varchar(100))",ALARM_ID,config_master,YES
api_master,"Master/configuration table (relatively static reference data). Key fields: API_ID, API_NAME, API_ALIAS_NAME, API_ENV, DSB_OPERATION_TYPE, DSB_TABLE_TO_FETCH.","API_ID(bigint), API_NAME(varchar(200)), API_ALIAS_NAME(varchar(200)), API_ENV(enum('PROD','UAT')), DSB_OPERATION_TYPE(enum('PICK','PUT','CYCLE_COUNT','INVENTORY_SNAPSHOT','SKU_MASTER')), DSB_TABLE_TO_FETCH(enum('wcs_to_wms_payload','wms_to_wcs_payload')), API_DOMAIN(varchar(200)), API_ENDPOINT(varchar(100)), API_HEADER(varchar(500)), API_TOKEN(varchar(2000)), API_TYPE(varchar(50)), API_DESCRIPTION(varchar(1000)), IS_ACTIVE(tinyint), LAST_FETCHED_TIMESTAMP(datetime(3)), INSERT_TIMESTAMP(datetime(3)), INSERTED_BY(varchar(100)), UPDATE_TIMESTAMP(datetime(3)), UPDATED_BY(varchar(100))",API_ID,config_master,YES
article_proximity_score,"Schema-based summary for 'article proximity score'. Key fields: SCORE_ID, PARENT_ARTICLE_ID, CHILD_ARTICLE_ID, PROXIMITY_SCORE.","SCORE_ID(bigint), PARENT_ARTICLE_ID(varchar(200)), CHILD_ARTICLE_ID(varchar(200)), PROXIMITY_SCORE(decimal(10,3))",SCORE_ID,general_table,YES
article_registered,"Schema-based summary for 'article registered'. Key fields: SKU_ID, SKU_NAME, CATEGORY, MIN_SLOT_SIZE, MAX_BIN_QUANTITY, MIN_SPLIT_LOCATION.","SKU_ID(varchar(200)), SKU_NAME(varchar(200)), CATEGORY(int), MIN_SLOT_SIZE(int), MAX_BIN_QUANTITY(int), MIN_SPLIT_LOCATION(int), MAX_BIN(int), MAX_STORAGE_QUANTITY(int), VELOCITY(int), WEIGHT_OF_EACH_ARTICLE(int), VOLUME_OF_EACH_ARTICLE(int), IMAGE_URL(varchar(1000))",SKU_ID,general_table,YES
articles_registered,Schema-based summary for 'articles registered'. Key fields: ARTICLE_ID.,ARTICLE_ID(varchar(200)),ARTICLE_ID,general_table,YES
auto_calibration_logs,"Log/audit table recording events or state changes. Key fields: ID, BOT_ID, COMPLETED_TIMESTAMP.","ID(int), BOT_ID(varchar(200)), COMPLETED_TIMESTAMP(timestamp(3))",ID,log_table,YES
bin_info_master,"Bin/tote master: identity + attributes for each bin (size/type/segment, current status). Often joins to inventory and order allocation. Key fields: BIN_ID, BIN_BARCODE, BIN_TYPE, BIN_SEGMENTS.","BIN_ID(int), BIN_BARCODE(varchar(200)), BIN_TYPE(enum('SEGMENT','VIRTUAL_BIN')), BIN_SEGMENTS(int)",BIN_ID,bin_master,YES
bin_loading_wave_order_master,"Master/configuration table (relatively static reference data). Key fields: BIN_LOADING_ORDER_ID, BIN_ID, BIN_BARCODE, BIN_SEGMENT_NO, WAVE_ID, BIN_TYPE.","BIN_LOADING_ORDER_ID(char(36)), BIN_ID(varchar(200)), BIN_BARCODE(varchar(200)), BIN_SEGMENT_NO(int), WAVE_ID(varchar(200)), BIN_TYPE(varchar(200)), STATUS(enum('PENDING','BIN_REGISTRATION_STARTED','BIN_REGISTRATION_COMPLETED','BIN_MOVED')), STATION_ID(int), UPDATED_BY(varchar(200)), UPDATED_TIMESTAMP(datetime(3)), INSERTED_TIMESTAMP(datetime(3)), ORDER_BIN_ID(int)",BIN_LOADING_ORDER_ID,wave_master,YES
bin_recall_wave_wms_data_dsb_temp,"Schema-based summary for 'bin recall wave wms data dsb temp'. Key fields: BIN_RECALL_ORDER_ID, WAVE_ID, BIN_ID, STATUS.","BIN_RECALL_ORDER_ID(int), WAVE_ID(varchar(200)), BIN_ID(int), STATUS(enum('PENDING','PROCESSING','COMPLETED','CANNOT_PROCESS'))",BIN_RECALL_ORDER_ID,transaction_table,YES
bin_recall_wave_wms_data_dsb_upload_validation,"Schema-based summary for 'bin recall wave wms data dsb upload validation'. Key fields: BIN_ID, UPLOADED_WAVE_ID, ID, INSERTED_TIMESTAMP, VALIDATION_MESSAGE.","BIN_ID(int), UPLOADED_WAVE_ID(int), ID(int), INSERTED_TIMESTAMP(datetime(3)), VALIDATION_MESSAGE(text)",,transaction_table,YES
bin_segment_ranking,"Schema-based summary for 'bin segment ranking'. Key fields: ID, BIN_SEGMENT_COUNT, SEGMENT_ID, RANKING.","ID(int), BIN_SEGMENT_COUNT(int), SEGMENT_ID(int), RANKING(int)",ID,general_table,YES
bot_alarm_log,"Records the various alarms being occurred on bots with ids, alarm code, type and recorded timestamp. Key fields: ID, BOT_ID, ALARM_CODE, ALARM_DESCRIPTION, TASK_TYPE, ALARMPOSITION_X.","ID(bigint), BOT_ID(varchar(200)), ALARM_CODE(int), ALARM_DESCRIPTION(text), TASK_TYPE(varchar(200)), ALARMPOSITION_X(int), ALARMPOSITION_Y(int), ALARMPOSITION_Z(int), IS_BYPASSED(tinyint(1)), RECOVERY_TIMESTAMP(datetime), INSERTED_TIMESTAMP(datetime)",ID,log_table,YES
bot_alarm_log_archive,"Archive/history table for bot_alarm_log. Key fields: ID, BOT_ID, ALARM_CODE, ALARM_DESCRIPTION, TASK_TYPE, ALARMPOSITION_X.","ID(bigint), BOT_ID(varchar(200)), ALARM_CODE(int), ALARM_DESCRIPTION(text), TASK_TYPE(varchar(200)), ALARMPOSITION_X(int), ALARMPOSITION_Y(int), ALARMPOSITION_Z(int), IS_BYPASSED(tinyint(1)), RECOVERY_TIMESTAMP(datetime), INSERTED_TIMESTAMP(datetime)",ID,log_table,YES
bot_charging_bit_log,"Records timestamps and other details when bots charging bit was set high. Key fields: ID, BOT_ID, BATTERY_PERCENTAGE, COUNTER, INSERTED_TIMESTAMP.","ID(bigint unsigned), BOT_ID(varchar(50)), BATTERY_PERCENTAGE(int), COUNTER(int), INSERTED_TIMESTAMP(datetime(3))",ID,log_table,YES
bot_charging_bit_log_archive,"Archive/history table for bot_charging_bit_log. Key fields: ID, BOT_ID, BATTERY_PERCENTAGE, COUNTER, INSERTED_TIMESTAMP.","ID(bigint unsigned), BOT_ID(varchar(50)), BATTERY_PERCENTAGE(int), COUNTER(int), INSERTED_TIMESTAMP(datetime(3))",ID,log_table,YES
bot_manual_alarm_log,"Log/audit table recording events or state changes. Key fields: ID, BOT_ID, ALARM_CODE, ALARM_DESCRIPTION, ALARM_ID, IS_BYPASSED.","ID(bigint), BOT_ID(varchar(200)), ALARM_CODE(int), ALARM_DESCRIPTION(text), ALARM_ID(int), IS_BYPASSED(tinyint(1)), RECOVERY_TIMESTAMP(datetime), INSERTED_TIMESTAMP(datetime)",ID,log_table,YES
bot_manual_alarm_log_archive,"Archive/history table for bot_manual_alarm_log. Key fields: ID, BOT_ID, ALARM_CODE, ALARM_DESCRIPTION, ALARM_ID, IS_BYPASSED.","ID(bigint), BOT_ID(varchar(200)), ALARM_CODE(int), ALARM_DESCRIPTION(text), ALARM_ID(int), IS_BYPASSED(tinyint(1)), RECOVERY_TIMESTAMP(datetime), INSERTED_TIMESTAMP(datetime)",ID,log_table,YES
bot_master,"Robot master and live state (position, battery, alarms, auto/manual). Used by allocation, monitoring, and safety logic. Key fields: BOT_MASTER_ID, BOT_ID, STATUS, COUNTER, AUTO_MANUAL, ACTIVITY_REQUEST.","BOT_MASTER_ID(int), BOT_ID(varchar(50)), STATUS(enum('ENABLED','DISABLED')), COUNTER(int), AUTO_MANUAL(enum('auto','manual')), ACTIVITY_REQUEST(tinyint), BATTERY(double), BATTERY_HEALTH(enum('GOOD','AVERAGE','CRITICAL')), IP(varchar(200)), PORT(int), SIM_PORT(int), GRIDX(int), GRIDY(int), GRIDZ(double), ACTIVE_AXIS(int), LOAD_CONDITION(enum('UL','LD')), UPDATED_TIMESTAMP(timestamp), ALARM(int), ALARM_TYPE(enum('NORMAL','MAINTENANCE','PSEUDO')), RECOVERY_BIN_LOAD_STATUS(tinyint), STATION_SAFETY_VALUE(tinyint), BATTERY_VOLTS(int), AH_REMAINING_PERCENTAGE(int), AH_REMAINING_NORMAL(int), RECOVERY_BIT(int), NON_RECOVERY_BIT(int), LOAD_NON_RECOVERY_BIT(tinyint), BOT_TO_MAINTENANCE_BIT(int), CHARGING_BIT(int), BIN_ALREDY_PRSENT_RECOVERY_(int), SLIDER_RECOVERY_FAIL_ALARM_BIT(tinyint), SLIDER_RECOVERY_FAIL_TRUE(tinyint), SLIDER_RECOVERY_FAIL_FALSE(tinyint), DSB_TMM_Z_AXIS_ACKNOWLEDGEMENT(tinyint), BARCODE_TAG_NUMBER(int), SLIDER_POSITION(double), LIDAR_ZONE_NUMBER(int), ALARM_TIMESTAMP(datetime(3)), ALARM_POSITION_X_Y_Z(varchar(20))",BOT_MASTER_ID,bot_master,YES
bot_master_log,"Log/audit table recording events or state changes. Key fields: BOT_MASTER_LOG_ID, BOT_MASTER_ID, BOT_ID, STATUS, COUNTER, AUTO_MANUAL.","BOT_MASTER_LOG_ID(bigint), BOT_MASTER_ID(int), BOT_ID(varchar(50)), STATUS(enum('ENABLED','DISABLED')), COUNTER(int), AUTO_MANUAL(enum('auto','manual')), ACTIVITY_REQUEST(tinyint), BATTERY(double), BATTERY_HEALTH(enum('GOOD','AVERAGE','CRITICAL')), IP(varchar(200)), PORT(int), SIM_PORT(int), GRIDX(int), GRIDY(int), GRIDZ(double), ACTIVE_AXIS(int), LOAD_CONDITION(varchar(50)), UPDATED_TIMESTAMP(timestamp), ALARM(int), RECOVERY_BIN_LOAD_STATUS(tinyint), STATION_SAFETY_VALUE(tinyint), AH_REMAINING_PERCENTAGE(int), AH_REMAINING_NORMAL(int), RECOVERY_BIT(int), NON_RECOVERY_BIT(int), LOG_TIMESTAMP(datetime(3))",BOT_MASTER_LOG_ID,log_table,YES
bot_obstacle_log,"Records timestamps and other details when bots were in obstacle during operations. Key fields: OBSTACLE_LOG_ID, BOT_ID, OBSTACLE_DETECTION_TIMESTAMP, X, Y, Z.","OBSTACLE_LOG_ID(int), BOT_ID(varchar(50)), OBSTACLE_DETECTION_TIMESTAMP(datetime(3)), X(int), Y(int), Z(int), BARCODE_NUMBER(int)",OBSTACLE_LOG_ID,log_table,YES
bot_obstacle_log_archive,"Archive/history table for bot_obstacle_log. Key fields: LOG_ID, OBSTACLE_LOG_ID, BOT_ID, OBSTACLE_DETECTION_TIMESTAMP, OBSTACLE_REMOVAL_TIMESTAMP, X.","LOG_ID(int), OBSTACLE_LOG_ID(int), BOT_ID(varchar(50)), OBSTACLE_DETECTION_TIMESTAMP(datetime(3)), OBSTACLE_REMOVAL_TIMESTAMP(datetime(3)), X(int), Y(int), Z(int), BARCODE_NUMBER(int)",LOG_ID,log_table,YES
bot_obstacle_log_debug,"Robot/bot related operational table. Key fields: DEBUG_ID, INPUT_BOT_ID, INPUT_BARCODE, FETCHED_X, FETCHED_Y, FETCHED_Z.","DEBUG_ID(int), INPUT_BOT_ID(varchar(50)), INPUT_BARCODE(int), FETCHED_X(int), FETCHED_Y(int), FETCHED_Z(int), RETURNED_LOG_ID(int), MESSAGE(varchar(255)), LOG_TIMESTAMP(datetime(3))",DEBUG_ID,log_table,YES
category_master,"Master/configuration table (relatively static reference data). Key fields: CATEGORY_ID, CATEGORY_NAME, CLIENT_ORDER_TYPE, CATEGORY_ALIAS_NAME, IS_ACTIVE, INSERTED_TIMESTAMP.","CATEGORY_ID(int), CATEGORY_NAME(varchar(200)), CLIENT_ORDER_TYPE(varchar(100)), CATEGORY_ALIAS_NAME(varchar(200)), IS_ACTIVE(tinyint(1)), INSERTED_TIMESTAMP(datetime(3)), INSERTED_BY(varchar(100)), UPDATED_TIMESTAMP(datetime(3)), UPDATED_BY(varchar(100))",CATEGORY_ID,config_master,YES
category_matrix,"Schema-based summary for 'category matrix'. Key fields: MATRIX_ID, PARENT_CATEGORY_ID, CHILD_CATEGORY_ID, IS_ACTIVE, INSERTED_TIMESTAMP, INSERTED_BY.","MATRIX_ID(int), PARENT_CATEGORY_ID(int), CHILD_CATEGORY_ID(int), IS_ACTIVE(tinyint), INSERTED_TIMESTAMP(datetime(3)), INSERTED_BY(varchar(100)), UPDATED_TIMESTAMP(datetime(3)), UPDATED_BY(varchar(100))",MATRIX_ID,general_table,YES
cdctest,"Schema-based summary for 'cdctest'. Key fields: id, data, active, adddatetime.","id(int), data(varchar(20)), active(int), adddatetime(datetime)",id,general_table,YES
chatbot_chat_history,"Robot/bot related operational table. Key fields: id, chat_id, session_id, chatbot_type, user_query, assistant_response.","id(bigint), chat_id(varchar(100)), session_id(varchar(100)), chatbot_type(varchar(50)), user_query(text), assistant_response(text), timestamp(datetime), confidence_score(decimal(5,4)), response_time_ms(int)",id,log_table,YES
chatbot_column_corrections,"Robot/bot related operational table. Key fields: id, chat_id, session_id, table_name, wrong_column, correct_column.","id(bigint), chat_id(varchar(100)), session_id(varchar(100)), table_name(varchar(255)), wrong_column(varchar(255)), correct_column(varchar(255)), correction_type(enum('automatic','manual','feedback')), similarity_score(decimal(5,4)), timestamp(datetime)",id,general_table,YES
chatbot_feedback,"Robot/bot related operational table. Key fields: id, chat_id, session_id, feedback_type, rating, comment.","id(bigint), chat_id(varchar(100)), session_id(varchar(100)), feedback_type(enum('positive','negative','neutral')), rating(int), comment(text), feedback_category(varchar(100)), timestamp(datetime)",id,telemetry_table,YES
chatbot_query_patterns,"Robot/bot related operational table. Key fields: id, pattern_type, pattern_key, pattern_value, frequency, success_rate.","id(bigint), pattern_type(varchar(50)), pattern_key(varchar(255)), pattern_value(text), frequency(int), success_rate(decimal(5,4)), avg_confidence(decimal(5,4)), last_used(datetime), created_at(datetime), updated_at(datetime)",id,general_table,YES
chatbot_sql_queries,"Robot/bot related operational table. Key fields: id, chat_id, session_id, user_query, generated_sql, execution_status.","id(bigint), chat_id(varchar(100)), session_id(varchar(100)), user_query(text), generated_sql(text), execution_status(enum('success','failed','not_executed')), error_message(text), rows_returned(int), execution_time_ms(int), tables_used(json), columns_used(json), intent(varchar(50)), entities(json), timestamp(datetime)",id,general_table,YES
config_master,"Master/configuration table (relatively static reference data). Key fields: SIM_MODE, X_PITCH, Y_PITCH, Z_PITCH, X_MAX, Y_MAX.","SIM_MODE(tinyint), X_PITCH(decimal(10,2)), Y_PITCH(decimal(10,2)), Z_PITCH(decimal(10,2)), X_MAX(decimal(10,2)), Y_MAX(decimal(10,2)), Z_MAX(decimal(10,2)), COMM_TIMEOUT(decimal(10,2)), TOWER_PARKING_Z(double), BATTERY_LOW_LIMIT(double), BATTERY_HIGH_LIMIT(double), AH_UPPER_LIMIT(double), AH_LOWER_LIMIT(double), VOLTAGE_THRESHOLD(double), AH_THRESHOLD(double), MAX_BUFFER_STEPS_SIZE(int), VOLUME_OF_BIN(int), DOWNTIME_LOG_INTERVAL(int), SHIFT_START_HOUR(time), AH_THRESHOLD_CHARGING(double), BIN_IN_LOOP(tinyint(1)), AUTOCALDISTANCEUPPERLIMIT(decimal(10,2)), AUTOCALDISTANCELOWERLIMIT(decimal(10,2)), BATTERY_BIT_ON_COUNTER(double), AUTOCALDISTANCEUPPERLIMITFORTOWER(decimal(10,2)), AUTOCALDISTANCELOWERLIMITFORTOWER(decimal(10,2)), OBSTACLE_ELIGIBILITY_DURATION(int)",SIM_MODE,config_master,YES
controller_reservations_master,"This table is used to assign bots repective controller which are then used for proper reservation of location/towers as required. Key fields: RESERVATION_ID, LOCATION_ID, TYPE, BOT_ID, DESTINATION_ID, COST.","RESERVATION_ID(int), LOCATION_ID(int), TYPE(varchar(100)), BOT_ID(varchar(50)), DESTINATION_ID(int), COST(int), INSERTED_TIMESTAMP(timestamp)",RESERVATION_ID,config_master,YES
dashboard_access_master,"Master/configuration table (relatively static reference data). Key fields: ACCESS_ID, VIEW, UPDATE, DELETE, INSERTED_BY, INSERTED_TIMESTAMP.","ACCESS_ID(int), VIEW(tinyint), UPDATE(tinyint), DELETE(tinyint), INSERTED_BY(varchar(50)), INSERTED_TIMESTAMP(datetime(3)), UPDATED_BY(varchar(50)), UPDATED_TIMESTAMP(datetime(3))",ACCESS_ID,config_master,YES
dashboard_bot_master,"Master/configuration table (relatively static reference data). Key fields: ID, BOT_ID, LOCK_BY, LOCK_TIMESTAMP, UNLOCK_BY, UNLOCK_TIMESTAMP.","ID(bigint), BOT_ID(varchar(255)), LOCK_BY(varchar(45)), LOCK_TIMESTAMP(datetime(3)), UNLOCK_BY(varchar(45)), UNLOCK_TIMESTAMP(datetime(3)), REQUEST_BY(varchar(45)), AUTO_CALIBRATION_DONE_TIMESTAMP(datetime(3)), UPDATED_TIMESTAMP(datetime(3))",ID,bot_master,YES
dashboard_breadcrumb_master,"Master/configuration table (relatively static reference data). Key fields: BREADCRUMB_ID, MENU_ID, CHILD_MENU_ID, SEQUENCE, IS_ACTIVE, INSERTED_BY.","BREADCRUMB_ID(bigint), MENU_ID(int), CHILD_MENU_ID(int), SEQUENCE(int), IS_ACTIVE(tinyint(1)), INSERTED_BY(varchar(50)), INSERTED_TIMESTAMP(datetime(3)), UPDATED_BY(varchar(50)), UPDATED_TIMESTAMP(datetime(3))",BREADCRUMB_ID,config_master,YES
dashboard_communication_string_master,"Master/configuration table (relatively static reference data). Key fields: ID, IS_ACTIVE, STRING_NAME, STRING_SAMPLE, STRING_MAPPING, STRING_SEPERATORS.","ID(int), STRING_NAME(varchar(100)), STRING_SAMPLE(text), STRING_MAPPING(text), STRING_SEPERATORS(json), STRING_DESCRIPTION(text), IS_ACTIVE(tinyint(1)), INSERTED_BY(varchar(50)), INSERTED_TIMESTAMP(datetime(3))","ID, IS_ACTIVE",config_master,YES
dashboard_config,"Schema-based summary for 'dashboard config'. Key fields: ID, KEY_NAME, KEY_VALUE, KEY_DATA_TYPE, KEY_REQUIRED_WHEN, KEY_DESCRIPTION.","ID(int), KEY_NAME(varchar(100)), KEY_VALUE(longtext), KEY_DATA_TYPE(enum('INT','DATETIME','BOOLEAN','STRING','JSON')), KEY_REQUIRED_WHEN(enum('BEFORE_LOGIN','AFTER_LOGIN')), KEY_DESCRIPTION(text), IS_ACTIVE(tinyint), INSERTED_BY(varchar(50)), INSERTED_TIMESTAMP(datetime(3)), UPDATED_BY(varchar(50)), UPDATED_TIMESTAMP(datetime(3))",ID,config_master,YES
dashboard_error_logs,"Schema-based summary for 'dashboard error logs'. Key fields: ID, SOURCE_APPLICATION, CLASS_METHOD_NAME, ERROR_CODE, ERROR_MESSAGE, ERROR_STACKTRACE.","ID(int), SOURCE_APPLICATION(varchar(50)), CLASS_METHOD_NAME(text), ERROR_CODE(int), ERROR_MESSAGE(text), ERROR_STACKTRACE(text), ERROR_DESCRIPTION(text), ERROR_TIMESTAMP(datetime), ENDPOINT(varchar(225))",ID,log_table,YES
dashboard_grid_points_master,"Master/configuration table (relatively static reference data). Key fields: ID, TYPE, ABBREVIATION, BG_COLOR, IS_ACTIVE.","ID(int), TYPE(varchar(255)), ABBREVIATION(varchar(3)), BG_COLOR(varchar(7)), IS_ACTIVE(int)",ID,config_master,YES
dashboard_group_master,"Schema-based summary for 'dashboard group master'. Key fields: GROUP_ID, GROUP_NAME, REDIRECT_URL, IS_ACTIVE, INSERTED_BY, INSERTED_ON.","GROUP_ID(int), GROUP_NAME(varchar(45)), REDIRECT_URL(int), IS_ACTIVE(tinyint), INSERTED_BY(varchar(45)), INSERTED_ON(datetime), UPDATED_BY(varchar(45)), UPDATED_ON(datetime)",GROUP_ID,config_master,YES
dashboard_language_translate_master,"Master/configuration table (relatively static reference data). Key fields: ID, ENGLISH, HINDI, IS_ACTIVE, INSERTED_BY, INSERTED_TIMESTAMP.","ID(int), ENGLISH(varchar(255)), HINDI(varchar(255)), IS_ACTIVE(tinyint), INSERTED_BY(varchar(50)), INSERTED_TIMESTAMP(datetime(3))",ID,config_master,YES
dashboard_log_bot_charging,"Robot/bot related operational table. Key fields: ID, BOT_ID, BATTERY_AT_CHARGING_BIT_1, TIMESTAMP_AT_CHARGING_BIT_1, BATTERY_AT_STATION, TIMESTAMP_AT_STATION.","ID(bigint), BOT_ID(varchar(100)), BATTERY_AT_CHARGING_BIT_1(int), TIMESTAMP_AT_CHARGING_BIT_1(datetime), BATTERY_AT_STATION(int), TIMESTAMP_AT_STATION(datetime(3)), BATTERY_AFTER_STATION(int), TIMESTAMP_AFTER_STATION(datetime(3)), INSERTED_TIMESTAMP(datetime(3)), INSERTED_BY(varchar(100)), UPDATED_TIMESTAMP(datetime(3)), UPDATED_BY(varchar(100))",ID,log_table,YES
dashboard_log_error_api,"Schema-based summary for 'dashboard log error api'. Key fields: ID, CONTROLLER_NAME, METHOD_NAME, REQUEST_TYPE, IP_ADDRESS, ERROR_CODE.","ID(bigint), CONTROLLER_NAME(varchar(255)), METHOD_NAME(varchar(255)), REQUEST_TYPE(enum('GET','POST','PUT','PATCH','DELETE')), IP_ADDRESS(varchar(100)), ERROR_CODE(int), ERROR_MESSAGE(text), ERROR_STACKTRACE(text), INSERTED_TIMESTAMP(datetime(3)), INSERTED_BY(varchar(100))",ID,log_table,YES
dashboard_log_location_block_master,"Master/configuration table (relatively static reference data). Key fields: ID, LOCATION_ID, TYPE, AISLE_ID, TOWER_ID, BLOCK_STATUS.","ID(bigint), LOCATION_ID(bigint), TYPE(varchar(100)), AISLE_ID(int), TOWER_ID(int), BLOCK_STATUS(varchar(100)), UPDATED_TIMESTAMP(datetime(3)), UPDATED_BY(varchar(45))",ID,log_table,YES
dashboard_log_maintenance_task_master,"Master/configuration table (relatively static reference data). Key fields: MAINTENANCE_TASK_ID, MAINTENANCE_ID, MAINTENANCE_POINT_BOT_ID, MAINTENANCE_PICK_POINT_BOT_ID, BIN_BARCODE_SCANNED, MAINTENANCE_POINT_BARCODE_SCANNED.","MAINTENANCE_TASK_ID(bigint), MAINTENANCE_ID(int), MAINTENANCE_POINT_BOT_ID(varchar(100)), MAINTENANCE_PICK_POINT_BOT_ID(varchar(100)), BIN_BARCODE_SCANNED(varchar(50)), MAINTENANCE_POINT_BARCODE_SCANNED(tinyint(1)), IS_MP_BOT_HEALTHY(tinyint(1)), TASK_DONE(tinyint(1)), INSERTED_TIMESTAMP(datetime(3)), UPDATED_TIMESTAMP(datetime(3)), LOGGED_TIMESTAMP(datetime(3))",MAINTENANCE_TASK_ID,log_table,YES
dashboard_log_manual_task_master,"Master/configuration table (relatively static reference data). Key fields: ID, BOT_ID, START_LOCATION_ID, END_LOCATION_ID, START_PICK_PUT_SIDE, END_PICK_PUT_SIDE.","ID(bigint), BOT_ID(varchar(100)), START_LOCATION_ID(bigint), END_LOCATION_ID(bigint), START_PICK_PUT_SIDE(varchar(100)), END_PICK_PUT_SIDE(varchar(100)), STATUS(varchar(100)), INSERTED_TIMESTAMP(datetime(3)), INSERTED_BY(varchar(255))",ID,log_table,YES
dashboard_log_user_login_attempts,"Schema-based summary for 'dashboard log user login attempts'. Key fields: ID, USER_ID, ROLE_ID, IP_ADDRESS, DEVICE_INFO, STATUS.","ID(int), USER_ID(int), ROLE_ID(int), IP_ADDRESS(varchar(45)), DEVICE_INFO(varchar(255)), STATUS(enum('SUCCEED','FAILED','CANCELLED')), INSERTED_TIMESTAMP(datetime(3))",ID,log_table,YES
dashboard_log_wave_process,"Wave-related table for batching and executing operations. Key fields: ID, WAVE_ID, WAVE_TYPE, WAVE_STATUS, CREATED_BY, CREATED_TIMESTAMP.","ID(bigint), WAVE_ID(varchar(200)), WAVE_TYPE(varchar(100)), WAVE_STATUS(varchar(50)), CREATED_BY(varchar(50)), CREATED_TIMESTAMP(datetime(3)), STATION_ID(int), RUN_BY(varchar(50)), RUN_TIMESTAMP(datetime(3)), COMPLETED_BY(varchar(50)), COMPLETED_TIMESTAMP(datetime(3)), CANCELLED_BY(varchar(50)), CANCELLED_TIMESTAMP(datetime(3)), INSERTED_TIMESTAMP(datetime(3)), UPDATED_TIMESTAMP(datetime(3))",ID,log_table,YES
dashboard_login_attempts_log,"Schema-based summary for 'dashboard login attempts log'. Key fields: ID, USER_NAME, LOGIN_IP, DEVICE_INFO, STATUS, INSERTION_TIMESTAMP.","ID(int), USER_NAME(varchar(45)), LOGIN_IP(varchar(100)), DEVICE_INFO(varchar(300)), STATUS(varchar(100)), INSERTION_TIMESTAMP(datetime)",ID,log_table,YES
dashboard_logs,"Schema-based summary for 'dashboard logs'. Key fields: ID, FUNCTION_NAME, TABLE_NAME, FIELD_OLD_VALUE, FIELD_NEW_VALUE, INSERTED_BY.","ID(int), FUNCTION_NAME(varchar(50)), TABLE_NAME(varchar(50)), FIELD_OLD_VALUE(varchar(100)), FIELD_NEW_VALUE(varchar(100)), INSERTED_BY(varchar(50)), INSERTED_TIMESTAMP(timestamp)",ID,log_table,YES
dashboard_manual_task_master,"Master/configuration table (relatively static reference data). Key fields: ID, BOT_ID, START_LOCATION_ID, END_LOCATION_ID, START_PICK_PUT_SIDE, END_PICK_PUT_SIDE.","ID(int), BOT_ID(varchar(100)), START_LOCATION_ID(bigint), END_LOCATION_ID(bigint), START_PICK_PUT_SIDE(varchar(50)), END_PICK_PUT_SIDE(enum('NONE','PICK','PUT','STATION_PICK','STATION_PUT')), STATUS(enum('WAITING','SUCCESS','FAILED')), INSERTED_TIMESTAMP(datetime(3)), INSERTED_BY(varchar(255)), UPDATED_TIMESTAMP(datetime(3))",ID,config_master,YES
dashboard_master_data,"Schema-based summary for 'dashboard master data'. Key fields: ID, HEADER, DROPDOWN_TEXT, DROPDOWN_VALUE, IS_ACTIVE, INSERTED_BY.","ID(int), HEADER(varchar(500)), DROPDOWN_TEXT(varchar(500)), DROPDOWN_VALUE(varchar(500)), IS_ACTIVE(tinyint), INSERTED_BY(varchar(50)), INSERTED_TIMESTAMP(datetime(3)), UPDATED_BY(varchar(50)), UPDATED_TIMESTAMP(datetime(3))",ID,config_master,YES
dashboard_menu_master,"Master/configuration table (relatively static reference data). Key fields: MENU_ID, SEQUENCE, PARENT_ID, MAIN_MENU, MENU_NAME, MENU_ICON.","MENU_ID(int), SEQUENCE(decimal(10,3)), PARENT_ID(int), MAIN_MENU(enum('SUPERADMIN','SUPERVISOR','SUPPORT','OPERATOR','CHARGING STATION','MAINTENANCE','COMMON','UAT','RESEARCH & DEVELOPMENT')), MENU_NAME(varchar(50)), MENU_ICON(varchar(50)), MENU_PATH(varchar(50)), MENU_DESCRIPTION(text), IS_BOT_AUTH_GUARD(tinyint(1)), IS_MENU_VISIBLE(tinyint(1)), IS_MENU_OPEN(tinyint(1)), IS_PAGE_HEADING_VISIBLE(tinyint(1)), IS_FOOTER_VISIBLE(tinyint(1)), IS_ACTIVE(tinyint(1)), INSERTED_BY(varchar(50)), INSERTED_TIMESTAMP(datetime(3)), UPDATED_BY(varchar(50)), UPDATED_TIMESTAMP(datetime(3))",MENU_ID,config_master,YES
dashboard_report_master,"Master/configuration table (relatively static reference data). Key fields: REPORT_ID, SEQUENCE, REPORT_PARENT_ID, L1_REPORT_NAME, L1_REPORT_VALUE, L1_TABLE_UNIQUE_IDENTIFIER.","REPORT_ID(int), SEQUENCE(decimal(10,3)), REPORT_PARENT_ID(int), L1_REPORT_NAME(varchar(100)), L1_REPORT_VALUE(varchar(100)), L1_TABLE_UNIQUE_IDENTIFIER(varchar(100)), L1_ENABLE_DATETIME(tinyint(1)), L1_EXTRA_PARAMETERS(text), L1_BUTTON_COUNT(int), L1_BUTTON1_REPORT_NAME(varchar(100)), L1_BUTTON1_REPORT_VALUE(varchar(100)), L1_BUTTON1_TABLE_UNIQUE_IDENTIFIER(varchar(100)), L1_BUTTON1_EXTRA_PARAMETERS(text), L1_BUTTON2_REPORT_NAME(varchar(100)), L1_BUTTON2_REPORT_VALUE(varchar(100)), L1_BUTTON2_TABLE_UNIQUE_IDENTIFIER(varchar(100)), L1_BUTTON2_EXTRA_PARAMETERS(text), L1_BUTTON3_REPORT_NAME(varchar(100)), L1_BUTTON3_REPORT_VALUE(varchar(100)), L1_BUTTON3_TABLE_UNIQUE_IDENTIFIER(varchar(100)), L1_BUTTON3_EXTRA_PARAMETERS(text), L2_REPORT_NAME(varchar(100)), L2_REPORT_VALUE(varchar(100)), L2_TABLE_UNIQUE_IDENTIFIER(varchar(100)), L2_EXTRA_PARAMETERS(text), L3_REPORT_NAME(varchar(100)), L3_REPORT_VALUE(varchar(100)), L3_TABLE_UNIQUE_IDENTIFIER(varchar(100)), L3_EXTRA_PARAMETERS(text), IS_ACTIVE(tinyint(1)), INSERTED_BY(varchar(100)), INSERTED_TIMESTAMP(datetime(3)), UPDATED_BY(varchar(100)), UPDATED_TIMESTAMP(datetime(3))",REPORT_ID,config_master,YES
dashboard_report_parent_master,"Master/configuration table (relatively static reference data). Key fields: REPORT_PARENT_ID, SEQUENCE, REPORT_PARENT_NAME, IS_ACTIVE, INSERTED_BY, INSERTED_TIMESTAMP.","REPORT_PARENT_ID(int), SEQUENCE(decimal(10,3)), REPORT_PARENT_NAME(varchar(100)), IS_ACTIVE(tinyint(1)), INSERTED_BY(varchar(50)), INSERTED_TIMESTAMP(datetime(3)), UPDATED_BY(varchar(50)), UPDATED_TIMESTAMP(datetime(3))",REPORT_PARENT_ID,config_master,YES
dashboard_report_role_mapping,"Schema-based summary for 'dashboard report role mapping'. Key fields: ID, REPORT_ID, ROLE_ID, IS_ACTIVE, INSERTED_BY, INSERTED_TIMESTAMP.","ID(int), REPORT_ID(int), ROLE_ID(int), IS_ACTIVE(tinyint(1)), INSERTED_BY(varchar(50)), INSERTED_TIMESTAMP(datetime(3)), UPDATED_BY(varchar(50)), UPDATED_TIMESTAMP(datetime(3))",ID,general_table,YES
dashboard_role_master,"Master/configuration table (relatively static reference data). Key fields: ROLE_ID, SEQUENCE, ROLE_NAME, REDIRECT_URL, IS_ACTIVE, INSERTED_BY.","ROLE_ID(int), SEQUENCE(decimal(10,3)), ROLE_NAME(varchar(50)), REDIRECT_URL(int), IS_ACTIVE(int), INSERTED_BY(varchar(50)), INSERTED_TIMESTAMP(datetime(3)), UPDATED_BY(varchar(50)), UPDATED_TIMESTAMP(datetime(3))",ROLE_ID,config_master,YES
dashboard_role_menu_access_mapping,"Schema-based summary for 'dashboard role menu access mapping'. Key fields: ID, ROLE_ID, MENU_ID, ACCESS_ID, IS_ACTIVE, INSERTED_BY.","ID(bigint), ROLE_ID(int), MENU_ID(int), ACCESS_ID(int), IS_ACTIVE(tinyint(1)), INSERTED_BY(varchar(50)), INSERTED_TIMESTAMP(datetime(3)), UPDATED_BY(varchar(50)), UPDATED_TIMESTAMP(datetime(3))",ID,general_table,YES
dashboard_static_text,"Schema-based summary for 'dashboard static text'. Key fields: ID, UNIQUE_IDENTIFIER, CONTENT, CONTENT_TITLE, DESCRIPTION, IS_ACTIVE.","ID(int), UNIQUE_IDENTIFIER(varchar(255)), CONTENT(text), CONTENT_TITLE(varchar(255)), DESCRIPTION(text), IS_ACTIVE(tinyint(1)), INSERTED_BY(varchar(50)), INSERTED_TIMESTAMP(datetime)",ID,general_table,YES
dashboard_tab_master,"Master/configuration table (relatively static reference data). Key fields: TAB_ID, MENU_ID, SECTION_NAME, TAB_KEY_NAME, TAB_NAME, TAB_ACTIVE.","TAB_ID(int), MENU_ID(int), SECTION_NAME(varchar(100)), TAB_KEY_NAME(varchar(50)), TAB_NAME(varchar(50)), TAB_ACTIVE(tinyint(1)), SEQUENCE(int), IS_ACTIVE(tinyint(1)), INSERTED_BY(varchar(50)), INSERTED_TIMESTAMP(datetime(3)), UPDATED_BY(varchar(50)), UPDATED_TIMESTAMP(datetime(3))",TAB_ID,config_master,YES
dashboard_table_badge_classes_master,"Master/configuration table (relatively static reference data). Key fields: ID, COLUMN_VALUE, CLASS_NAME, IS_ACTIVE, INSERTED_BY, INSERTED_TIMESTAMP.","ID(int), COLUMN_VALUE(varchar(100)), CLASS_NAME(varchar(100)), IS_ACTIVE(tinyint(1)), INSERTED_BY(varchar(50)), INSERTED_TIMESTAMP(datetime(3)), UPDATED_BY(varchar(50)), UPDATED_TIMESTAMP(datetime(3))",ID,config_master,YES
dashboard_table_columns_master,"Master/configuration table (relatively static reference data). Key fields: ID, COLUMN_HEADER_NAME, COLUMN_COMPARISON_KEY, COLUMN_DATA_TYPE, IS_ACTIVE, INSERT_TIMESTAMP.","ID(int), COLUMN_HEADER_NAME(varchar(255)), COLUMN_COMPARISON_KEY(varchar(255)), COLUMN_DATA_TYPE(enum('BOOLEAN','DATETIME','INT','STRING')), IS_ACTIVE(tinyint(1)), INSERT_TIMESTAMP(datetime), INSERTED_BY(varchar(50)), UPDATE_TIMESTAMP(datetime), UPDATED_BY(varchar(50))",ID,config_master,YES
dashboard_table_header_json_master,"Master/configuration table (relatively static reference data). Key fields: ID, TABLE_UNIQUE_IDENTIFIER, TABLE_TYPE, DEFAULT_HEADER_JSON, IS_ACTIVE, INSERTED_TIMESTAMP.","ID(int), TABLE_TYPE(enum('SERVER_SIDE','CLIENT_SIDE','WEB_SOCKET')), TABLE_UNIQUE_IDENTIFIER(varchar(100)), DEFAULT_HEADER_JSON(json), IS_ACTIVE(tinyint(1)), INSERTED_TIMESTAMP(datetime(3)), INSERTED_BY(varchar(50)), UPDATED_TIMESTAMP(datetime(3)), UPDATED_BY(varchar(50))","ID, TABLE_UNIQUE_IDENTIFIER",config_master,YES
dashboard_table_header_json_user_mapping,"Schema-based summary for 'dashboard table header json user mapping'. Key fields: ID, USER_ID, TABLE_ID, SELECTED_HEADER_JSON, IS_ACTIVE, INSERTED_TIMESTAMP.","ID(int), USER_ID(int), TABLE_ID(int), SELECTED_HEADER_JSON(json), IS_ACTIVE(tinyint(1)), INSERTED_TIMESTAMP(datetime(3))",ID,general_table,YES
dashboard_table_parameters_master,"Master/configuration table (relatively static reference data). Key fields: ID, MENU_ID, SECTION_NAME, UNIQUE_IDENTIFIER, HEADING, TYPE.","ID(int), MENU_ID(int), SECTION_NAME(varchar(50)), UNIQUE_IDENTIFIER(varchar(100)), HEADING(varchar(100)), TYPE(enum('SERVER_SIDE','CLIENT_SIDE','WEBSOCKET')), EXTRA_PROPERTIES(json), PAGINATION_SHOW(tinyint(1)), PAGINATION_SIZE_OPTIONS(json), CLASS_NAME(varchar(50)), SINGLE_SELECTION_SHOW(tinyint(1)), MULTIPLE_SELECTION_SHOW(tinyint(1)), DOWNLOAD_BUTTON_SHOW(tinyint(1)), FILTER_BUTTON_SHOW(tinyint(1)), REFRESH_BUTTON_SHOW(tinyint(1)), COLUMN_SEARCH_SHOW(tinyint(1)), WORKBOOK_NAME(varchar(50)), SLIDE_TOGGLE_SHOW(tinyint(1)), SLIDE_TOGGLE_TEXT_SHOW(tinyint(1)), SLIDE_TOGGLE_COLUMN_HEADER_NAME(varchar(20)), SLIDE_TOGGLE_COLUMN_NAME(varchar(20)), IS_ACTIVE(tinyint(1)), INSERTED_BY(varchar(50)), INSERTED_TIMESTAMP(datetime(3))",ID,config_master,YES
dashboard_table_serverside_column_config,"Schema-based summary for 'dashboard table serverside column config'. Key fields: ID, TABLE_UNIQUE_IDENTIFIER, DEFAULT_COLUMN_JSON, TABLE_TYPE, TABLE_SERVER_SIDE, IS_ACTIVE.","ID(int), TABLE_UNIQUE_IDENTIFIER(varchar(50)), DEFAULT_COLUMN_JSON(json), TABLE_TYPE(enum('SERVER_SIDE','CLIENT_SIDE','WEBSOCKET')), TABLE_SERVER_SIDE(tinyint(1)), IS_ACTIVE(tinyint(1)), INSERTED_TIMESTAMP(datetime(3)), INSERTED_BY(varchar(50)), UPDATED_TIMESTAMP(datetime(3)), UPDATED_BY(varchar(50))","ID, TABLE_UNIQUE_IDENTIFIER",config_master,YES
dashboard_table_user_column_config_mapping,"Schema-based summary for 'dashboard table user column config mapping'. Key fields: ID, USER_ID, TABLE_ID, COLUMN_JSON, IS_ACTIVE, INSERTED_TIMESTAMP.","ID(int), USER_ID(int), TABLE_ID(int), COLUMN_JSON(json), IS_ACTIVE(tinyint(1)), INSERTED_TIMESTAMP(datetime(3))",ID,config_master,YES
dashboard_user_master,"Master/configuration table (relatively static reference data). Key fields: USER_ID, USER_NAME, USER_FULL_NAME, USER_PASSWORD, SALT, IS_ACTIVE.","USER_ID(int), USER_NAME(varchar(45)), USER_FULL_NAME(varchar(100)), USER_PASSWORD(varchar(100)), SALT(varchar(50)), IS_ACTIVE(tinyint), INSERTED_BY(varchar(45)), INSERTED_TIMESTAMP(datetime(3)), UPDATED_BY(varchar(45)), UPDATED_TIMESTAMP(datetime(3))",USER_ID,config_master,YES
dashboard_user_role_setting_mapping,"Schema-based summary for 'dashboard user role setting mapping'. Key fields: ID, USER_ID, ROLE_ID, LOGIN_TIMESTAMP, LOGOUT_TIMESTAMP, IS_LOCKED.","ID(bigint), USER_ID(int), ROLE_ID(int), LOGIN_TIMESTAMP(datetime(3)), LOGOUT_TIMESTAMP(datetime(3)), IS_LOCKED(int), IS_LOCKED_TIMESTAMP(datetime(3)), GRID_SHOW_TOOLTIP(tinyint), CS_GRIDX(int), CS_GRIDY(int), DEFAULT_LANGUAGE(enum('ENGLISH','HINDI')), DASHBOARD_UPDATED(tinyint(1)), IS_ACTIVE(tinyint), INSERTED_BY(varchar(45)), INSERTED_TIMESTAMP(datetime(3)), UPDATED_BY(varchar(45)), UPDATED_TIMESTAMP(datetime(3))",ID,general_table,YES
dashboard_wave_upload_status,"Wave-related table for batching and executing operations. Key fields: ID, WAVE_ID, CLIENT_WAVE_ID, WAVE_TYPE, STATUS, IS_ACTIVE.","ID(int), WAVE_ID(varchar(100)), CLIENT_WAVE_ID(varchar(100)), WAVE_TYPE(varchar(50)), STATUS(varchar(100)), IS_ACTIVE(tinyint(1)), INSERTED_ON(datetime), INSERTED_BY(varchar(100))",ID,transaction_table,YES
dashboard_wave_upload_status_archive,"Archive/history table for dashboard_wave_upload_status. Key fields: ID, WAVE_ID, CLIENT_WAVE_ID, WAVE_TYPE, STATUS, IS_ACTIVE.","ID(int), WAVE_ID(varchar(100)), CLIENT_WAVE_ID(varchar(100)), WAVE_TYPE(varchar(50)), STATUS(varchar(100)), IS_ACTIVE(tinyint(1)), INSERTED_ON(datetime), INSERTED_BY(varchar(100))",ID,log_table,YES
dashboard_websocket_function_timer_mapping,"Schema-based summary for 'dashboard websocket function timer mapping'. Key fields: ID, FUNCTION_NAME, TIMER, IS_ACTIVE, INSERTED_BY, INSERTED_TIMESTAMP.","ID(int), FUNCTION_NAME(varchar(200)), TIMER(enum('2','5','10')), IS_ACTIVE(tinyint(1)), INSERTED_BY(varchar(100)), INSERTED_TIMESTAMP(datetime), UPDATED_BY(varchar(100)), UPDATED_TIMESTAMP(datetime)","ID, FUNCTION_NAME",general_table,YES
dashboard_ws_function_timer_master,"Master/configuration table (relatively static reference data). Key fields: ID, FUNCTION_NAME, TIMER, IS_GLOBAL, IS_ACTIVE, INSERTED_BY.","ID(int), FUNCTION_NAME(varchar(200)), TIMER(enum('2','5','10')), IS_GLOBAL(tinyint(1)), IS_ACTIVE(tinyint(1)), INSERTED_BY(varchar(100)), INSERTED_TIMESTAMP(datetime(3)), UPDATED_BY(varchar(100)), UPDATED_TIMESTAMP(datetime(3))",ID,config_master,YES
display_message_log,"Schema-based summary for 'display message log'. Key fields: DISPLAY_ID, MESSAGE, WAVE_ID, WAVE_ORDER_ID, INSERTED_TIMESTAMP.","DISPLAY_ID(int), MESSAGE(json), WAVE_ID(varchar(200)), WAVE_ORDER_ID(varchar(200)), INSERTED_TIMESTAMP(datetime(3))",,log_table,YES
dynamic_property_master,"Master/configuration table (relatively static reference data). Key fields: ID, XSTART, YSTART, XEND, YEND, PROPERTY.","ID(int), XSTART(int), YSTART(int), XEND(int), YEND(int), PROPERTY(int)",ID,config_master,YES
dynamic_task_allocation,"Schema-based summary for 'dynamic task allocation'. Key fields: BIN_ID, OrderBinID1, InsertedTimestamp1, OrderBinID2, UpdatedTimestamp2, TimeDifferenceInSeconds.","BIN_ID(int), OrderBinID1(int), InsertedTimestamp1(timestamp(3)), OrderBinID2(int), UpdatedTimestamp2(timestamp(3)), TimeDifferenceInSeconds(bigint)",,general_table,YES
global_pause_log,"Log/audit table recording events or state changes. Key fields: LOG_ID, SOURCE_ID, SOURCE, GLOBAL_PAUSE_BIT, PRESSED_TIMESTAMP, RELEASED_TIMESTAMP.","LOG_ID(varchar(36)), SOURCE_ID(int), SOURCE(varchar(100)), GLOBAL_PAUSE_BIT(tinyint), PRESSED_TIMESTAMP(datetime(3)), RELEASED_TIMESTAMP(datetime(3)), UPDATED_TIMESTAMP(datetime(3))",LOG_ID,log_table,YES
hardware_registered,"Schema-based summary for 'hardware registered'. Key fields: HARDWARE_ID, HARDWARE_TYPE, HARDWARE_ALIAS, HARDWARE_COMMUNICATION_TYPE.","HARDWARE_ID(int), HARDWARE_TYPE(enum('STATION','STATION_SCANNER','PTL','HHD','PRINTER','PTL_SCANNER','CURTAIN_LIGHT','CONVEYOR','SAFETY_DOOR','CHARING_STATION','DISPLAY','CONVEYOR_MULTIPLEXER','MAINTENANCE_STATION','MAINTENANCE_SCANNER_MULTIPLEXER')), HARDWARE_ALIAS(varchar(100)), HARDWARE_COMMUNICATION_TYPE(enum('NONE','SEND','RECEIVE','BOTH'))",HARDWARE_ID,general_table,YES
hw_charging_station_master,"Master/configuration table (relatively static reference data). Key fields: STATION_ID, LOCATION_ID, GLOBAL_PAUSE, CURTAIN_SENSOR.","STATION_ID(int), LOCATION_ID(int), GLOBAL_PAUSE(tinyint), CURTAIN_SENSOR(tinyint)",STATION_ID,station_master,YES
hw_conveyor_master,"Master/configuration table (relatively static reference data). Key fields: CONVEYOR_ID, PARENT_ID, IP, PORT, MAKE, CONVEYOR_MUX_ID.","CONVEYOR_ID(int), PARENT_ID(int), IP(varchar(200)), PORT(int), MAKE(enum('OMRON','CONVEYOR_MULTIPLEXER')), CONVEYOR_MUX_ID(int), SIM_PORT(int), COUNTER(int), PUT_REQUEST(tinyint), PUT_CONFIRM(tinyint), PUT_CONFIRM_ACK(tinyint), PICK_CONFIRM(tinyint), PICK_CONFIRM_ACK(tinyint), MOVE_BIN_CONFIRM(tinyint), MOVE_BIN_CONFIRM_ACK(tinyint), BIN_ON_STATION(int), BIN_ON_PICK_ACK(tinyint), BIN_ON_PICK(int), PUT_BIN_ID(int), LAST_MSG_SENT(varchar(255)), REGISTER_WRITE_ADDRESS(varchar(10)), BIN_ON_STATION_BOOL(tinyint), BIN_ON_PICK_BOOL(tinyint), BIN_ON_STATION_BARCODE(varchar(50)), BIN_ON_PICK_BARCODE(varchar(50)), LAST_MSG_RECEIVED(varchar(255)), BARCODE_ON_STATION_SCAN(varchar(100)), BARCODE_ON_PICK_SCAN(varchar(100)), REGISTER_READ_ADDRESS(int), REGISTER_READ_LENGTH(int)",CONVEYOR_ID,config_master,YES
hw_conveyor_mux_master,"Master/configuration table (relatively static reference data). Key fields: MUX_ID, IP, PORT, COUNTER, MAKE, AUTO_BOOL.","MUX_ID(int), IP(varchar(50)), PORT(int), COUNTER(int), MAKE(enum('OMRON')), AUTO_BOOL(varchar(20)), REGISTER_WRITE_ADDRESS(int), REGISTER_READ_ADDRESS(int), REGISTER_READ_LENGTH(int)",MUX_ID,config_master,YES
hw_curtain_light_master,"Master/configuration table (relatively static reference data). Key fields: LIGHT_ID, PARENT_ID, IP, PORT, COUNTER, GLOBAL_PAUSE.","LIGHT_ID(int), PARENT_ID(int), IP(varchar(200)), PORT(int), COUNTER(int), GLOBAL_PAUSE(int), LAST_SENT_BITS(varchar(50))",LIGHT_ID,config_master,YES
hw_display_master,"Master/configuration table (relatively static reference data). Key fields: DISPLAY_ID, PARENT_ID, LAST_MESSAGE, IP, NOREAD_MESSAGE, UPDATED_TIMESTAMP.","DISPLAY_ID(int), PARENT_ID(int), LAST_MESSAGE(json), IP(varchar(200)), NOREAD_MESSAGE(json), UPDATED_TIMESTAMP(datetime(3))",DISPLAY_ID,config_master,YES
hw_maintenance_master,"Master/configuration table (relatively static reference data). Key fields: MAINTENANCE_ID, SCANNER_MUX_ID, MAINTENANCE_POINT_LOCATION_ID, MAINTENANCE_PICK_POINT_LOCATION_ID, MAINTENANCE_POINT_BARCODE, MAINTENANCE_PICK_POINT_BARCODE.","MAINTENANCE_ID(int), SCANNER_MUX_ID(int), MAINTENANCE_POINT_LOCATION_ID(bigint), MAINTENANCE_PICK_POINT_LOCATION_ID(bigint), MAINTENANCE_POINT_BARCODE(varchar(45)), MAINTENANCE_PICK_POINT_BARCODE(varchar(45)), IS_ACTIVE(int), INSERTED_BY(varchar(100)), INSERTED_TIMESTAMP(datetime(3)), UPDATED_BY(varchar(100)), UPDATED_TIMESTAMP(datetime(3))",MAINTENANCE_ID,config_master,YES
hw_maintenance_scanner_multiplexer_master,Master/configuration table (relatively static reference data). Key fields: id.,id(int),id,config_master,YES
hw_ptl_master,"Master/configuration table (relatively static reference data). Key fields: PTL_ID, PARENT_ID, IP, PORT, STATUS, BARCODE_OPEN_BAG.","PTL_ID(int), PARENT_ID(int), IP(varchar(200)), PORT(int), STATUS(enum('LPN_OPEN','LPN_CLOSED','ENABLED','DISABLED','LPN_SCAN')), BARCODE_OPEN_BAG(varchar(100)), BARCODE_CLOSE_BAG(varchar(100)), DISPLAY(int), ORDER_COMPLETE(tinyint), IS_ACTIVE(tinyint)",PTL_ID,config_master,YES
hw_safety_door_master,"Master/configuration table (relatively static reference data). Key fields: SAFETY_DOOR_ID, SAFTEY_DOOR_ALIAS, COUNTER, GLOBAL_PAUSE, SELECTOR_SWITCH, RELEASE_LOCK.","SAFETY_DOOR_ID(int), SAFTEY_DOOR_ALIAS(varchar(200)), COUNTER(int), GLOBAL_PAUSE(int), SELECTOR_SWITCH(int), RELEASE_LOCK(int)",SAFETY_DOOR_ID,config_master,YES
hw_scanner_master,"Master/configuration table (relatively static reference data). Key fields: SCANNER_ID, PARENT_ID, IP, PORT, LAST_SCANNED.","SCANNER_ID(int), PARENT_ID(int), IP(varchar(200)), PORT(int), LAST_SCANNED(varchar(200))",SCANNER_ID,config_master,YES
hw_station_master,"Station master for hardware stations (pick/put/SA/BL/etc.). Used for wave assignment, cluster/station routing, live station status, and operator interaction. Key fields: STATION_ID, STATION_ALIAS_NAME, LOCATION_ID, MAX_BUFFER_COUNT, STATUS, STATION_TYPE.","STATION_ID(int), STATION_ALIAS_NAME(varchar(255)), LOCATION_ID(int), MAX_BUFFER_COUNT(int), STATUS(enum('ENABLED','DISABLED')), STATION_TYPE(enum('GTP_STATION','GTC_STATION')), GLOBAL_PAUSE(tinyint), SAFETY_VALUE(tinyint), LOGGED_IN_USER_ID(varchar(200)), WAVE_ID(varchar(200)), WAVE_STATUS(enum('NO_WAVE','WAITING_OPERATOR','WAVE_LIVE','STATION_PAUSE')), PICK_ACTION_LOCATION_ID(bigint), PUT_ACTION_LOCATION_ID(bigint), STATION_UTILISATION(bigint), PALLET_SCAN_BARCODE(varchar(100)), UPDATED_ON(datetime(3)), ASSOCIATED_HOME_1(int), ASSOCIATED_HOME_2(int), STATION_ENTRY_LOCATION_ID(bigint)",STATION_ID,station_master,YES
integration_error_logs,"Log/audit table recording events or state changes. Key fields: ID, SOURCE_APPLICATION, CLASS_METHOD_NAME, ERROR_CODE, ERROR_MESSAGE, INNER_ERROR_MESSAGE.","ID(int), SOURCE_APPLICATION(varchar(50)), CLASS_METHOD_NAME(text), ERROR_CODE(int), ERROR_MESSAGE(text), INNER_ERROR_MESSAGE(text), ERROR_STACKTRACE(text), ERROR_DESCRIPTION(text), ERROR_TIMESTAMP(datetime), ENDPOINT(varchar(225))",ID,log_table,YES
integration_error_logs_archive,"Archive/history table for integration_error_logs. Key fields: ID, SOURCE_APPLICATION, CLASS_METHOD_NAME, ERROR_CODE, ERROR_MESSAGE, INNER_ERROR_MESSAGE.","ID(int), SOURCE_APPLICATION(varchar(50)), CLASS_METHOD_NAME(text), ERROR_CODE(int), ERROR_MESSAGE(text), INNER_ERROR_MESSAGE(text), ERROR_STACKTRACE(text), ERROR_DESCRIPTION(text), ERROR_TIMESTAMP(datetime), ENDPOINT(varchar(225))",ID,log_table,YES
inventory_sync_gln_mapping,"Inventory related table (availability/stock). Key fields: INVENTORY_SYN_GLN_MAPPING_ID, INVENTORY_SYNC_MASTER_ID, GLN, TOTAL_PAGES, STATUS, COMMENTS.","INVENTORY_SYN_GLN_MAPPING_ID(varchar(50)), INVENTORY_SYNC_MASTER_ID(varchar(50)), GLN(varchar(50)), TOTAL_PAGES(int), STATUS(enum('PENDING','NEO_SYNC_PREPARATION','WMS_RESPONSE_ACK','WMS_RESPONSE_AWAIT','COMPLETED','PARTIAL_SUCCESS','SUCCESS')), COMMENTS(text), INSERTED_TIMESTAMP(timestamp(3)), NEO_SYNC_PREPARATION_TIMESTAMP(timestamp), NEO_SYNC_ACKNOWLEDGE(timestamp(3)), COMPLETION_TIMESTAMP(timestamp), UPDATED_TIMESTAMP(timestamp), INSERTED_BY(varchar(50)), UPDATED_BY(varchar(50))",INVENTORY_SYN_GLN_MAPPING_ID,general_table,YES
inventory_sync_gln_payload_mapping,"Inventory related table (availability/stock). Key fields: INVENTORY_SYNC_GLN_PAYLOAD_MAPPING_ID, INVENTORY_SYNC_MASTER_ID, INVENTORY_SYNC_GLN_MAPPING_ID, PAGE_NUMBER, TOTAL_PAGES, PAYLOAD_ID.","INVENTORY_SYNC_GLN_PAYLOAD_MAPPING_ID(varchar(50)), INVENTORY_SYNC_MASTER_ID(varchar(50)), INVENTORY_SYNC_GLN_MAPPING_ID(varchar(50)), PAGE_NUMBER(int), TOTAL_PAGES(int), PAYLOAD_ID(varchar(50)), INSERTED_TIMESTAMP(timestamp(3)), UPDATED_TIMESTAMP(timestamp(3))",INVENTORY_SYNC_GLN_PAYLOAD_MAPPING_ID,general_table,YES
inventory_sync_master,"Master/configuration table (relatively static reference data). Key fields: INVENTORY_SYNC_MASTER_ID, STATUS, REASON, COMMENTS, INSERTED_TIMESTAMP, WAVE_COMPLETION_TIMESTAMP.","INVENTORY_SYNC_MASTER_ID(varchar(50)), STATUS(enum('PENDING','WAITING_FOR_WAVE_COMPLETION','WAITING_FOR_API_REQUEST_COMPLETION','NEO_SYNC_PREPARATION','WMS_RESPONSE_AWAIT','COMPLETED','FAILED','PARTIAL_COMPLETED')), REASON(varchar(1000)), COMMENTS(text), INSERTED_TIMESTAMP(timestamp(3)), WAVE_COMPLETION_TIMESTAMP(timestamp), API_REQUEST_COMPLETION_TIMESTAMP(timestamp), NEO_PREPARATION_COMPLETION_TIMESTAMP(timestamp), COMPLETED_TIMESTAMP(timestamp), UPDATED_TIMESTAMP(timestamp(3)), INSERTED_BY(varchar(50)), UDPATED_BY(varchar(50))",INVENTORY_SYNC_MASTER_ID,config_master,YES
lidar_bifurcation_table,"This table contains data for various lidar zones properties along with its meaning. Key fields: ID, PROPERTY_NUMBER, PROPERTY_NAME, PROPERTY_TYPE, X_MOVE, Y_MOVE.","ID(int), PROPERTY_NUMBER(int), PROPERTY_NAME(varchar(100)), PROPERTY_TYPE(int), X_MOVE(tinyint(1)), Y_MOVE(tinyint(1)), Z_MOVE(tinyint(1)), FRONT_LIDAR(tinyint(1)), REAR_LIDAR(tinyint(1)), BOTTOM_LIDAR(tinyint(1)), FRONT_LIDAR_ZONE(int), REAR_LIDAR_ZONE(int), BOTTOM_LIDAR_ZONE(int)",ID,general_table,YES
lidar_bifurcation_table_backup16nov,"Schema-based summary for 'lidar bifurcation table backup16nov'. Key fields: ID, PROPERTY_NUMBER, PROPERTY_NAME, PROPERTY_TYPE, X_MOVE, Y_MOVE.","ID(int), PROPERTY_NUMBER(int), PROPERTY_NAME(varchar(100)), PROPERTY_TYPE(int), X_MOVE(tinyint(1)), Y_MOVE(tinyint(1)), Z_MOVE(tinyint(1)), FRONT_LIDAR(tinyint(1)), REAR_LIDAR(tinyint(1)), BOTTOM_LIDAR(tinyint(1)), FRONT_LIDAR_ZONE(int), REAR_LIDAR_ZONE(int), BOTTOM_LIDAR_ZONE(int)",ID,general_table,YES
live_inventory_log,"Schema-based summary for 'live inventory log'. Key fields: INVENTORY_LOG_ID, BIN_ID, SEGMENT_NO, SKU_ID, BATCH_ID, QUANTITY.","INVENTORY_LOG_ID(char(36)), BIN_ID(int), SEGMENT_NO(int), SKU_ID(varchar(200)), BATCH_ID(varchar(200)), QUANTITY(int), OPERATION(enum('PICK','PUT')), WAVE_ID(varchar(200)), WAVE_TYPE(varchar(100)), INSERTED_TIMESTAMP(datetime(3)), IS_ACTIVE(tinyint(1))",INVENTORY_LOG_ID,log_table,YES
live_inventory_master,"This table shows the live system quantities for each SKU batch and the amount of SKU allocated for future pick and put operations. Key fields: BIN_ARTICLE_ID, ARTICLE_ID, BATCH_ID, QUANTITY, BIN_ID, CATEGORY.","BIN_ARTICLE_ID(char(36)), ARTICLE_ID(varchar(200)), BATCH_ID(varchar(200)), QUANTITY(int), BIN_ID(int), CATEGORY(int), SEGMENT_NO(int), VIRTUAL_QUANTITY_TO_PUT(int), VIRTUAL_QUANTITY_TO_PICK(int), IS_ACTIVE(tinyint), REMARK(text), UPDATED_TIMESTAMP(datetime(3))",BIN_ARTICLE_ID,config_master,YES
live_inventory_master_log,"Log/audit table recording events or state changes. Key fields: LOG_ID, BIN_ID, ARTICLE_ID, BATCH_ID.","LOG_ID(char(36)), BIN_ID(int), ARTICLE_ID(varchar(200)), BATCH_ID(varchar(200))",LOG_ID,log_table,YES
